suggested_filename,display_name,primary_candidate_id,years_contested,parties_contested,current_photo_url,candidate_ids,image_filename
cmrel77ot0009791gz8ngl3dr.jpg,Akua Donkor,cmrel77ot0009791gz8ngl3dr,2020;2024,GFP,,cmrel77ot0009791gz8ngl3dr;cmr8te7rb0009793gm473nnn8,cmrel77ot0009791gz8ngl3dr.png
cmr8tel39000t793gpg2l31hg.jpg,Alan John Kwadwo Kyerematen,cmr8tel39000t793gpg2l31hg,2024,IND,,cmr8tel39000t793gpg2l31hg,cmr8tel39000t793gpg2l31hg.png
cmrel7hm8000n791gzgv2085l.jpg,Alfred Kwame Asiedu Walker,cmrel7hm8000n791gzgv2085l,2020,IND,,cmrel7hm8000n791gzgv2085l,cmrel7hm8000n791gzgv2085l.png
cmr5c3pca002c7964eqflntdc.jpg,Augustus Obuadum Goosie Tanoh,cmr5c3pca002c7964eqflntdc,2000,NRP,,cmr5c3pca002c7964eqflntdc,cmr5c3pca002c7964eqflntdc.png
cmrel7et5000j791g8wcflly8.jpg,Brigitte Dzogbenuku,cmrel7et5000j791g8wcflly8,2020,PPP,,cmrel7et5000j791g8wcflly8,cmrel7et5000j791g8wcflly8.png
cmrel74y00005791gjqk8p3pd.jpg,Christian Kwabena Andrews,cmrel74y00005791gjqk8p3pd,2020;2024,GUM,,cmrel74y00005791gjqk8p3pd;cmr8te911000b793gtddd7gi3,cmrel74y00005791gjqk8p3pd.png
cmr5c3pca002a79644kwjupk0.jpg,Daniel Augustus Lartey,cmr5c3pca002a79644kwjupk0,2000,GCPP,,cmr5c3pca002a79644kwjupk0,cmr5c3pca002a79644kwjupk0.png
cmr8te6hm0007793gnn764d15.jpg,Daniel Augustus Lartey Jnr,cmr8te6hm0007793gnn764d15,2024,GCPP,,cmr8te6hm0007793gnn764d15,cmr8te6hm0007793gnn764d15.png
cmrel7de0000h791g2m775y0k.jpg,David Apasera,cmrel7de0000h791g2m775y0k,2020,PNC,,cmrel7de0000h791g2m775y0k,cmrel7de0000h791g2m775y0k.png
cmr5c3pca002b79646pe29xe7.jpg,Dr. Charles Wereko-Brobbey,cmr5c3pca002b79646pe29xe7,2000,UGM,,cmr5c3pca002b79646pe29xe7,cmr5c3pca002b79646pe29xe7.png
cmr5c3pca00257964b3e81z2w.jpg,Dr. Edward Nasigri Mahama,cmr5c3pca00257964b3e81z2w,1996;2000;2004;2008;2016,PNC,,cmr5c3pca00257964b3e81z2w;cmr5c3pca00287964b802t9nx;cmr5c3pca002h7964kapkyld6;cmr5c3pca002l7964ejdfj2oa;cmr6cxem300w579w4ix54ftfk,cmr5c3pca00257964b3e81z2w.png
cmr5c3pcb002y7964zj8uwlw4.jpg,Dr. Henry Herbert Lartey,cmr5c3pcb002y7964zj8uwlw4,2012,GCPP,,cmr5c3pcb002y7964zj8uwlw4,cmr5c3pcb002y7964zj8uwlw4.png
cmr5c3pca00207964euz3j2qe.jpg,Dr. Hilla Limann,cmr5c3pca00207964euz3j2qe,1992,PNC,,cmr5c3pca00207964euz3j2qe,cmr5c3pca00207964euz3j2qe.png
cmr5c3pcb002x7964j1b5rwnl.jpg,Dr. Michael Abu Sakara Foster,cmr5c3pcb002x7964j1b5rwnl,2012,CPP,,cmr5c3pcb002x7964j1b5rwnl,cmr5c3pcb002x7964j1b5rwnl.png
cmr5c3pcb002m7964pmwawklm.jpg,Dr. Paa Kwesi Nduom,cmr5c3pcb002m7964pmwawklm,2008;2012;2016,CPP;PPP,,cmr5c3pcb002m7964pmwawklm;cmr5c3pcb002w7964jtbfacyw;cmr6cxbcw00w179w4jm1dst38,cmr5c3pcb002m7964pmwawklm.png
cmr5c3pcb002p79640n013gfv.jpg,Emmanuel Ansah-Antwi,cmr5c3pcb002p79640n013gfv,2008,DFP,,cmr5c3pcb002p79640n013gfv,cmr5c3pcb002p79640n013gfv.png
cmr5c3pca001y79649ry9yatr.jpg,Flt. Lt. Jerry John Rawlings,cmr5c3pca001y79649ry9yatr,1992;1996,NDC,,cmr5c3pca001y79649ry9yatr;cmr5c3pca0023796422re99yw,cmr5c3pca001y79649ry9yatr.png
cmr5c3pca002179645k737e4a.jpg,Gen. Emmanuel Erskine,cmr5c3pca002179645k737e4a,1992,PHP,,cmr5c3pca002179645k737e4a,cmr5c3pca002179645k737e4a.png
cmr5c3pca002i79641pr3bdoa.jpg,George Opesika Agudey,cmr5c3pca002i79641pr3bdoa,2004,CPP,,cmr5c3pca002i79641pr3bdoa,cmr5c3pca002i79641pr3bdoa.png
cmr8teigu000p793gwkuy1ckk.jpg,George Twum-Barimah-Adu,cmr8teigu000p793gwkuy1ckk,2024,IND,,cmr8teigu000p793gwkuy1ckk,cmr8teigu000p793gwkuy1ckk.png
cmr8tefs6000l793g3osbbiuf.jpg,Hassan Abdulai Ayariga,cmr8tefs6000l793g3osbbiuf,2024,APC,,cmr8tefs6000l793g3osbbiuf,cmr8tefs6000l793g3osbbiuf.png
cmr5c3pcb002v7964y64v7isq.jpg,Hassan Ayariga,cmr8tefs6000l793g3osbbiuf,2012;2020,PNC;APC,,cmr5c3pcb002v7964y64v7isq;cmrel7al1000d791gdj6uo102,cmr8tefs6000l793g3osbbiuf.png
cmrel792h000b791gro9urlb8.jpg,Henry Herbert Lartey,cmr5c3pcb002y7964zj8uwlw4,2020,GCPP,,cmrel792h000b791gro9urlb8,cmr5c3pcb002y7964zj8uwlw4.png
cmr6cx6wj00vv79w4f66skpl6.jpg,Ivor Kobina Greenstreet,cmr6cx6wj00vv79w4f66skpl6,2016;2020,CPP,,cmr6cx6wj00vv79w4f66skpl6;cmrel76ah0007791geu048zca,cmr6cx6wj00vv79w4f66skpl6.png
cmr5c3pcb0030796463m4jfbb.jpg,Jacob Osei Yeboah,cmr5c3pcb0030796463m4jfbb,2012;2016,IND,,cmr5c3pcb0030796463m4jfbb;cmr6cxg6t00w779w4fdhpt3ks,cmr5c3pcb0030796463m4jfbb.png
cmr5c3pca00247964gvoo9nva.jpg,John Agyekum Kufuor,cmr5c3pca00247964gvoo9nva,1996;2000;2000;2004,NPP,,cmr5c3pca00247964gvoo9nva;cmr5c3pca002e7964yn89geo8;cmr5c3pca00277964oyu8pvay;cmr5c3pca002g7964v98o6bsg,cmr5c3pca00247964gvoo9nva.png
cmr5c3pcb002t7964wkkrbaci.jpg,John Dramani Mahama,cmr5c3pcb002t7964wkkrbaci,2012;2016;2020;2024,NDC,,cmr5c3pcb002t7964wkkrbaci;cmr6cx9sa00vz79w4yhdisgb2;cmrel73kp0003791g6ou1jyfj;cmr8teefp000j793gchdrw6q2,cmr5c3pcb002t7964wkkrbaci.png
cmr8teaal000d793gxoq9vpla.jpg,Kofi Akpaloo,cmr8teaal000d793gxoq9vpla,2024,LPG,,cmr8teaal000d793gxoq9vpla,cmr8teaal000d793gxoq9vpla.png
cmr8teh3j000n793gjgk5ct3s.jpg,Kofi Koranteng,cmr8teh3j000n793gjgk5ct3s,2024,IND,,cmr8teh3j000n793gjgk5ct3s,cmr8teh3j000n793gjgk5ct3s.png
cmrel7c3b000f791g1p9tg3wh.jpg,Kofi Percival Akpaloo,cmr8teaal000d793gxoq9vpla,2020,LPG,,cmrel7c3b000f791g1p9tg3wh,cmr8teaal000d793gxoq9vpla.png
cmr5c3pcb002o7964o5ep9bbd.jpg,Kwabena Adjei,cmr5c3pcb002o7964o5ep9bbd,2008,NVP,,cmr5c3pcb002o7964o5ep9bbd,cmr5c3pcb002o7964o5ep9bbd.png
cmr5c3pca00227964ds53t69g.jpg,Kwabena Darko,cmr5c3pca00227964ds53t69g,1992,NIP,,cmr5c3pca00227964ds53t69g,cmr5c3pca00227964ds53t69g.png
cmr5c3pcb002z7964cj5mlohs.jpg,Kwasi Addai Odike,cmr5c3pcb002z7964cj5mlohs,2012,UFP,,cmr5c3pcb002z7964cj5mlohs,cmr5c3pcb002z7964cj5mlohs.png
cmr5c3pcb002q7964o9gnnd0a.jpg,Kwesi Amoafo-Yeboah,cmr5c3pcb002q7964o9gnnd0a,2008,IND,,cmr5c3pcb002q7964o9gnnd0a,cmr5c3pcb002q7964o9gnnd0a.png
cmr8te5840005793gh32f9h6v.jpg,Mahamudu Bawumia,cmr8te5840005793gh32f9h6v,2024,NPP,,cmr8te5840005793gh32f9h6v,cmr8te5840005793gh32f9h6v.png
cmr8tebqq000f793gm844gkfi.jpg,Mohammed Frimpong,cmr8tebqq000f793gm844gkfi,2024,NDP,,cmr8tebqq000f793gm844gkfi,cmr8tebqq000f793gm844gkfi.png
cmr5c3pca002k79645ocb8oda.jpg,Nana Addo D. Akufo-Addo,cmr5c3pca002k79645ocb8oda,2008;2008;2012;2016,NPP,,cmr5c3pca002k79645ocb8oda;cmr5c3pcb002s79648584cdff;cmr5c3pcb002u7964jmm45voq;cmr6cxd1z00w379w46jbl3apv,cmr5c3pca002k79645ocb8oda.png
cmrel724n0001791g55oh3etm.jpg,Nana Addo Dankwa Akufo-Addo,cmr5c3pca002k79645ocb8oda,2020,NPP,,cmrel724n0001791g55oh3etm,cmr5c3pca002k79645ocb8oda.png
cmr8ted2y000h793g4v37d98v.jpg,Nana Akosua Frimpomaa,cmr8ted2y000h793g4v37d98v,2024,CPP,,cmr8ted2y000h793g4v37d98v,cmr8ted2y000h793g4v37d98v.png
cmr6cx8i500vx79w4sonqy8dl.jpg,Nana Konadu Agyeman-Rawlings,cmr6cx8i500vx79w4sonqy8dl,2016;2020,NDP,,cmr6cx8i500vx79w4sonqy8dl;cmrel7g7a000l791gud4islvh,cmr6cx8i500vx79w4sonqy8dl.png
cmr8tejs3000r793gmoa1on2q.jpg,Nana Kwame Bediako,cmr8tejs3000r793gmoa1on2q,2024,IND,,cmr8tejs3000r793gmoa1on2q,cmr8tejs3000r793gmoa1on2q.png
cmr5c3pca001z7964uahqe1vt.jpg,Prof. Albert Adu-Boahen,cmr5c3pca001z7964uahqe1vt,1992,NPP,,cmr5c3pca001z7964uahqe1vt,cmr5c3pca001z7964uahqe1vt.png
cmr5c3pca00297964lambvz4n.jpg,Prof. George Hagan,cmr5c3pca00297964lambvz4n,2000,CPP,,cmr5c3pca00297964lambvz4n,cmr5c3pca00297964lambvz4n.png
cmr5c3pca002679645aoqnwy1.jpg,Prof. John Evans Fiifi Atta-Mills,cmr5c3pca002679645aoqnwy1,2000;2000;2004;2008;2008,NDC,,cmr5c3pca002679645aoqnwy1;cmr5c3pca002d79646canl5yt;cmr5c3pca002f7964h7du7xza;cmr5c3pcb002r7964anxl2044;cmr5c3pca002j796436176we2,cmr5c3pca002679645aoqnwy1.png
cmr5c3pcb002n7964pi20vg3h.jpg,T. N. Ward-Brew,cmr5c3pcb002n7964pi20vg3h,2008,DPP,,cmr5c3pcb002n7964pi20vg3h,cmr5c3pcb002n7964pi20vg3h.png
